sample,alpha_diversity
ERR1329827,4.315824333525709
ERR1329830,4.726227480952957
ERR1329832,4.103909910282366
ERR1329836,3.970573095811685
ERR1329838,2.75
ERR1329851,3.986187965046303
