sample,alpha_diversity
ERR1329825,4.070656113
ERR1329829,4.327819531
ERR1329834,3.936260028
ERR1329842,4.391892645
ERR1329846,4.363713276
ERR1329853,2.807354922
ERR1329857,2.999581231
ERR1329862,2.947702779
ERR1329870,4.388683048
